code,name,price,detail,image,colorName,colorValue,stock,active
nn-001,Pumpkins crop top,250,"Cotton • Chest 24""-36""",assets/images/products/nn-001-pumpkins-crop-top.jpeg,ขาว,#edf1ee,1,TRUE
nn-001,Pumpkins crop top,250,"Cotton • Chest 24""-36""",assets/images/products/nn-001-pumpkins-crop-top.jpeg,ชมพูอ่อน,#e9bdc0,1,TRUE
nn-001,Pumpkins crop top,250,"Cotton • Chest 24""-36""",assets/images/products/nn-001-pumpkins-crop-top.jpeg,ส้มอิฐ,#bb4a33,1,TRUE
nn-001,Pumpkins crop top,250,"Cotton • Chest 24""-36""",assets/images/products/nn-001-pumpkins-crop-top.jpeg,แดงไวน์,#9e1c36,1,TRUE
nn-001,Pumpkins crop top,250,"Cotton • Chest 24""-36""",assets/images/products/nn-001-pumpkins-crop-top.jpeg,ดำ,#101010,1,TRUE
nn-002,Nunaa crop top,250,"Cotton • Chest 24""-36""",assets/images/products/nn-002-nunaa-crop-top.jpeg,ขาว,#edf1ee,1,TRUE
nn-002,Nunaa crop top,250,"Cotton • Chest 24""-36""",assets/images/products/nn-002-nunaa-crop-top.jpeg,ชมพูอ่อน,#e9bdc0,1,TRUE
nn-002,Nunaa crop top,250,"Cotton • Chest 24""-36""",assets/images/products/nn-002-nunaa-crop-top.jpeg,คอรัล,#d66960,1,TRUE
nn-002,Nunaa crop top,250,"Cotton • Chest 24""-36""",assets/images/products/nn-002-nunaa-crop-top.jpeg,ส้มอิฐ,#bb4a33,1,TRUE
nn-002,Nunaa crop top,250,"Cotton • Chest 24""-36""",assets/images/products/nn-002-nunaa-crop-top.jpeg,แดงไวน์,#9e1c36,1,TRUE
nn-002,Nunaa crop top,250,"Cotton • Chest 24""-36""",assets/images/products/nn-002-nunaa-crop-top.jpeg,เทาเบจ,#8d867c,1,TRUE
nn-002,Nunaa crop top,250,"Cotton • Chest 24""-36""",assets/images/products/nn-002-nunaa-crop-top.jpeg,ดำ,#101010,1,TRUE
nn-003,Spaghetti strap top,250,"Cotton • Chest 24""-36""",assets/images/products/nn-003-spaghetti-strap-top.jpeg,ขาว,#edf1ee,1,TRUE
nn-003,Spaghetti strap top,250,"Cotton • Chest 24""-36""",assets/images/products/nn-003-spaghetti-strap-top.jpeg,ชมพูอ่อน,#e9bdc0,1,TRUE
nn-003,Spaghetti strap top,250,"Cotton • Chest 24""-36""",assets/images/products/nn-003-spaghetti-strap-top.jpeg,ชมพูกะปิ,#de9298,1,TRUE
nn-003,Spaghetti strap top,250,"Cotton • Chest 24""-36""",assets/images/products/nn-003-spaghetti-strap-top.jpeg,คอรัล,#d66960,1,TRUE
nn-003,Spaghetti strap top,250,"Cotton • Chest 24""-36""",assets/images/products/nn-003-spaghetti-strap-top.jpeg,ส้มอิฐ,#bb4a33,1,TRUE
nn-003,Spaghetti strap top,250,"Cotton • Chest 24""-36""",assets/images/products/nn-003-spaghetti-strap-top.jpeg,แดงไวน์,#9e1c36,1,TRUE
nn-003,Spaghetti strap top,250,"Cotton • Chest 24""-36""",assets/images/products/nn-003-spaghetti-strap-top.jpeg,ดำ,#101010,1,TRUE
nn-004,Spaghetti crop top,250,"Cotton • Chest 26""-36""",assets/images/products/nn-004-spaghetti-crop-top.jpeg,ขาว,#edf1ee,1,TRUE
nn-004,Spaghetti crop top,250,"Cotton • Chest 26""-36""",assets/images/products/nn-004-spaghetti-crop-top.jpeg,ชมพูอ่อน,#e9bdc0,1,TRUE
nn-004,Spaghetti crop top,250,"Cotton • Chest 26""-36""",assets/images/products/nn-004-spaghetti-crop-top.jpeg,ชมพูกะปิ,#de9298,1,TRUE
nn-004,Spaghetti crop top,250,"Cotton • Chest 26""-36""",assets/images/products/nn-004-spaghetti-crop-top.jpeg,ส้มอิฐ,#bb4a33,1,TRUE
nn-004,Spaghetti crop top,250,"Cotton • Chest 26""-36""",assets/images/products/nn-004-spaghetti-crop-top.jpeg,แดงไวน์,#9e1c36,1,TRUE
nn-004,Spaghetti crop top,250,"Cotton • Chest 26""-36""",assets/images/products/nn-004-spaghetti-crop-top.jpeg,ฟ้าเทา,#6f7f90,1,TRUE
nn-004,Spaghetti crop top,250,"Cotton • Chest 26""-36""",assets/images/products/nn-004-spaghetti-crop-top.jpeg,ดำ,#101010,1,TRUE
nn-005,Spaghetti crop top linen fabric,290,"Linen • Chest 26""-36""",assets/images/products/nn-005-spaghetti-crop-top-linen.jpeg,ลายผ้าลินิน,"linear-gradient(135deg, #f2eadb 0 35%, #b8a58a 35% 50%, #f7f4ec 50% 68%, #6f7374 68% 100%)",1,TRUE
nn-006,Nunaa crop top with ribbon,290,"Cotton • Chest 24""-36""",assets/images/products/nn-006-ribbon-crop-top.jpeg,ขาว,#edf1ee,1,TRUE
nn-006,Nunaa crop top with ribbon,290,"Cotton • Chest 24""-36""",assets/images/products/nn-006-ribbon-crop-top.jpeg,ฟ้าเทา,#6f7f90,1,TRUE
nn-006,Nunaa crop top with ribbon,290,"Cotton • Chest 24""-36""",assets/images/products/nn-006-ribbon-crop-top.jpeg,ดำ,#101010,1,TRUE
nn-007,Smock tube top with straps,290,"Cotton • Chest 24""-36""",assets/images/products/nn-007-smock-tube-top.jpeg,ขาว,#edf1ee,1,TRUE
nn-007,Smock tube top with straps,290,"Cotton • Chest 24""-36""",assets/images/products/nn-007-smock-tube-top.jpeg,เขียว,#94bd78,1,TRUE
nn-007,Smock tube top with straps,290,"Cotton • Chest 24""-36""",assets/images/products/nn-007-smock-tube-top.jpeg,ฟ้าเทา,#6f7f90,1,TRUE
nn-007,Smock tube top with straps,290,"Cotton • Chest 24""-36""",assets/images/products/nn-007-smock-tube-top.jpeg,กรม,#454b63,1,TRUE
nn-007,Smock tube top with straps,290,"Cotton • Chest 24""-36""",assets/images/products/nn-007-smock-tube-top.jpeg,เทาเบจ,#8d867c,1,TRUE
nn-007,Smock tube top with straps,290,"Cotton • Chest 24""-36""",assets/images/products/nn-007-smock-tube-top.jpeg,น้ำตาลเข้ม,#5a240d,1,TRUE
nn-008,Pretzel top,290,"Cotton • Chest 24""-36""",assets/images/products/nn-008-pretzel-top.jpeg,ขาว,#edf1ee,1,TRUE
nn-008,Pretzel top,290,"Cotton • Chest 24""-36""",assets/images/products/nn-008-pretzel-top.jpeg,ครีม,#e2d3b9,1,TRUE
nn-008,Pretzel top,290,"Cotton • Chest 24""-36""",assets/images/products/nn-008-pretzel-top.jpeg,มัสตาร์ด,#e7b65d,1,TRUE
nn-008,Pretzel top,290,"Cotton • Chest 24""-36""",assets/images/products/nn-008-pretzel-top.jpeg,ส้มอิฐ,#bb4a33,1,TRUE
nn-008,Pretzel top,290,"Cotton • Chest 24""-36""",assets/images/products/nn-008-pretzel-top.jpeg,เทาเบจ,#8d867c,1,TRUE
nn-008,Pretzel top,290,"Cotton • Chest 24""-36""",assets/images/products/nn-008-pretzel-top.jpeg,ดำ,#101010,1,TRUE
nn-009,Pretzel top,290,"Cotton • Chest 26""-36""",assets/images/products/nn-009-pretzel-top.jpeg,ขาว,#edf1ee,1,TRUE
nn-009,Pretzel top,290,"Cotton • Chest 26""-36""",assets/images/products/nn-009-pretzel-top.jpeg,ชมพูอ่อน,#e9bdc0,1,TRUE
nn-009,Pretzel top,290,"Cotton • Chest 26""-36""",assets/images/products/nn-009-pretzel-top.jpeg,น้ำตาล,#a8744b,1,TRUE
nn-010,Chinese collar shirt,290,"Cotton • Chest 26""-36""",assets/images/products/nn-010-chinese-collar-shirt.jpeg,ขาว,#edf1ee,1,TRUE
nn-010,Chinese collar shirt,290,"Cotton • Chest 26""-36""",assets/images/products/nn-010-chinese-collar-shirt.jpeg,คอรัล,#d66960,1,TRUE
nn-010,Chinese collar shirt,290,"Cotton • Chest 26""-36""",assets/images/products/nn-010-chinese-collar-shirt.jpeg,แดงไวน์,#9e1c36,1,TRUE
nn-011,Cupcake top,290,"Cotton • Chest 28""-36""",assets/images/products/nn-011-cupcake-top.jpeg,ขาว,#edf1ee,1,TRUE
nn-011,Cupcake top,290,"Cotton • Chest 28""-36""",assets/images/products/nn-011-cupcake-top.jpeg,ชมพูอ่อน,#e9bdc0,1,TRUE
nn-011,Cupcake top,290,"Cotton • Chest 28""-36""",assets/images/products/nn-011-cupcake-top.jpeg,ชมพูกะปิ,#de9298,1,TRUE
nn-011,Cupcake top,290,"Cotton • Chest 28""-36""",assets/images/products/nn-011-cupcake-top.jpeg,ครีม,#e2d3b9,1,TRUE
nn-011,Cupcake top,290,"Cotton • Chest 28""-36""",assets/images/products/nn-011-cupcake-top.jpeg,เขียว,#94bd78,1,TRUE
nn-011,Cupcake top,290,"Cotton • Chest 28""-36""",assets/images/products/nn-011-cupcake-top.jpeg,ฟ้าเทา,#6f7f90,1,TRUE
nn-012,Puff Sleeve,290,"Cotton • Chest 26""-36""",assets/images/products/nn-012-puff-sleeve.jpeg,ขาว,#edf1ee,1,TRUE
nn-012,Puff Sleeve,290,"Cotton • Chest 26""-36""",assets/images/products/nn-012-puff-sleeve.jpeg,ครีม,#e2d3b9,1,TRUE
nn-012,Puff Sleeve,290,"Cotton • Chest 26""-36""",assets/images/products/nn-012-puff-sleeve.jpeg,เทาเบจ,#8d867c,1,TRUE
nn-012,Puff Sleeve,290,"Cotton • Chest 26""-36""",assets/images/products/nn-012-puff-sleeve.jpeg,เขียว,#94bd78,1,TRUE
nn-012,Puff Sleeve,290,"Cotton • Chest 26""-36""",assets/images/products/nn-012-puff-sleeve.jpeg,ฟ้าเทา,#6f7f90,1,TRUE
nn-013,Smock tube top with straps,290,"Cotton + salou cotton • Chest 24""-36""",assets/images/products/nn-013-smock-tube-flower.jpeg,A / ขาว,#edf1ee,1,TRUE
nn-013,Smock tube top with straps,290,"Cotton + salou cotton • Chest 24""-36""",assets/images/products/nn-013-smock-tube-flower.jpeg,A / น้ำตาล,#a8744b,1,TRUE
nn-013,Smock tube top with straps,290,"Cotton + salou cotton • Chest 24""-36""",assets/images/products/nn-013-smock-tube-flower.jpeg,A / ฟ้าเทา,#6f7f90,1,TRUE
nn-013,Smock tube top with straps,290,"Cotton + salou cotton • Chest 24""-36""",assets/images/products/nn-013-smock-tube-flower.jpeg,B / ขาว,#edf1ee,1,TRUE
nn-013,Smock tube top with straps,290,"Cotton + salou cotton • Chest 24""-36""",assets/images/products/nn-013-smock-tube-flower.jpeg,B / น้ำตาล,#a8744b,1,TRUE
nn-013,Smock tube top with straps,290,"Cotton + salou cotton • Chest 24""-36""",assets/images/products/nn-013-smock-tube-flower.jpeg,B / ฟ้าเทา,#6f7f90,1,TRUE
nn-013,Smock tube top with straps,290,"Cotton + salou cotton • Chest 24""-36""",assets/images/products/nn-013-smock-tube-flower.jpeg,C / ขาว,#edf1ee,1,TRUE
nn-013,Smock tube top with straps,290,"Cotton + salou cotton • Chest 24""-36""",assets/images/products/nn-013-smock-tube-flower.jpeg,C / น้ำตาล,#a8744b,1,TRUE
nn-013,Smock tube top with straps,290,"Cotton + salou cotton • Chest 24""-36""",assets/images/products/nn-013-smock-tube-flower.jpeg,C / ฟ้าเทา,#6f7f90,1,TRUE
nn-013,Smock tube top with straps,290,"Cotton + salou cotton • Chest 24""-36""",assets/images/products/nn-013-smock-tube-flower.jpeg,D / ขาว,#edf1ee,1,TRUE
nn-013,Smock tube top with straps,290,"Cotton + salou cotton • Chest 24""-36""",assets/images/products/nn-013-smock-tube-flower.jpeg,D / น้ำตาล,#a8744b,1,TRUE
nn-013,Smock tube top with straps,290,"Cotton + salou cotton • Chest 24""-36""",assets/images/products/nn-013-smock-tube-flower.jpeg,D / ฟ้าเทา,#6f7f90,1,TRUE
nn-014,Nunaa mini skirt,290,"Cotton • Waist 24""-36""",assets/images/products/nn-014-nunaa-mini-skirt.jpeg,ขาว,#edf1ee,1,TRUE
nn-014,Nunaa mini skirt,290,"Cotton • Waist 24""-36""",assets/images/products/nn-014-nunaa-mini-skirt.jpeg,น้ำตาล,#a8744b,1,TRUE
nn-015,Nunaa shorts,290,Cotton • S/M size,assets/images/products/nn-015-nunaa-shorts.jpeg,ขาว,#edf1ee,1,TRUE
nn-015,Nunaa shorts,290,Cotton • S/M size,assets/images/products/nn-015-nunaa-shorts.jpeg,ครีม,#e2d3b9,1,TRUE
nn-015,Nunaa shorts,290,Cotton • S/M size,assets/images/products/nn-015-nunaa-shorts.jpeg,น้ำตาล,#a8744b,1,TRUE
nn-015,Nunaa shorts,290,Cotton • S/M size,assets/images/products/nn-015-nunaa-shorts.jpeg,เขียวมะกอก,#4f5b2d,1,TRUE
nn-015,Nunaa shorts,290,Cotton • S/M size,assets/images/products/nn-015-nunaa-shorts.jpeg,เทาเบจ,#8d867c,1,TRUE
nn-015,Nunaa shorts,290,Cotton • S/M size,assets/images/products/nn-015-nunaa-shorts.jpeg,น้ำตาลเข้ม,#5a240d,1,TRUE
nn-016,Button crop top,320,"Cotton • Chest 24""-36""",assets/images/products/nn-016-button-crop-top.jpeg,ขาว,#edf1ee,1,TRUE
nn-016,Button crop top,320,"Cotton • Chest 24""-36""",assets/images/products/nn-016-button-crop-top.jpeg,ครีม,#e2d3b9,1,TRUE
nn-016,Button crop top,320,"Cotton • Chest 24""-36""",assets/images/products/nn-016-button-crop-top.jpeg,มัสตาร์ด,#e7b65d,1,TRUE
nn-016,Button crop top,320,"Cotton • Chest 24""-36""",assets/images/products/nn-016-button-crop-top.jpeg,เขียว,#94bd78,1,TRUE
nn-016,Button crop top,320,"Cotton • Chest 24""-36""",assets/images/products/nn-016-button-crop-top.jpeg,น้ำตาล,#a8744b,1,TRUE
nn-017,Nunaa vest,320,"Cotton • Chest 36""",assets/images/products/nn-017-nunaa-vest.jpeg,ขาว,#edf1ee,1,TRUE
nn-017,Nunaa vest,320,"Cotton • Chest 36""",assets/images/products/nn-017-nunaa-vest.jpeg,ชมพูกะปิ,#de9298,1,TRUE
nn-017,Nunaa vest,320,"Cotton • Chest 36""",assets/images/products/nn-017-nunaa-vest.jpeg,แดงไวน์,#9e1c36,1,TRUE
nn-017,Nunaa vest,320,"Cotton • Chest 36""",assets/images/products/nn-017-nunaa-vest.jpeg,น้ำตาล,#a8744b,1,TRUE
nn-017,Nunaa vest,320,"Cotton • Chest 36""",assets/images/products/nn-017-nunaa-vest.jpeg,น้ำตาลเข้ม,#5a240d,1,TRUE
nn-017,Nunaa vest,320,"Cotton • Chest 36""",assets/images/products/nn-017-nunaa-vest.jpeg,ดำ,#101010,1,TRUE
nn-017,Nunaa vest,320,"Cotton • Chest 36""",assets/images/products/nn-017-nunaa-vest.jpeg,ฟ้าเทา,#6f7f90,1,TRUE
nn-017,Nunaa vest,320,"Cotton • Chest 36""",assets/images/products/nn-017-nunaa-vest.jpeg,เขียว,#94bd78,1,TRUE
nn-018,Smock tube top with straps,320,"Cotton with linen • Chest 24""-36""",assets/images/products/nn-018-smock-tube-basic-stripes.jpeg,ลายผ้าลินิน,"linear-gradient(135deg, #f2eadb 0 35%, #b8a58a 35% 50%, #f7f4ec 50% 68%, #6f7374 68% 100%)",1,TRUE
nn-019,Spaghetti crop top (Flowers collection),290,"Salou cotton • Chest 26""-36"" • Length 13"" (excluding straps)",assets/images/products/nn-019-spaghetti-crop-top-flowers.jpeg,A,"url('assets/images/patterns/flower-a.jpeg') center / cover no-repeat",1,TRUE
nn-019,Spaghetti crop top (Flowers collection),290,"Salou cotton • Chest 26""-36"" • Length 13"" (excluding straps)",assets/images/products/nn-019-spaghetti-crop-top-flowers.jpeg,B,"url('assets/images/patterns/flower-b.jpeg') center / cover no-repeat",1,TRUE
nn-019,Spaghetti crop top (Flowers collection),290,"Salou cotton • Chest 26""-36"" • Length 13"" (excluding straps)",assets/images/products/nn-019-spaghetti-crop-top-flowers.jpeg,C,"url('assets/images/patterns/flower-c.jpeg') center / cover no-repeat",1,TRUE
nn-019,Spaghetti crop top (Flowers collection),290,"Salou cotton • Chest 26""-36"" • Length 13"" (excluding straps)",assets/images/products/nn-019-spaghetti-crop-top-flowers.jpeg,D,"url('assets/images/patterns/flower-d.jpeg') center / cover no-repeat",1,TRUE
nn-020,Nunaa Shorts (Flowers collection),350,"Salou cotton • Waist 24""-36"" • Hips 40"" • Length 14""",assets/images/products/nn-020-nunaa-shorts-flowers.jpeg,A,"url('assets/images/patterns/flower-a.jpeg') center / cover no-repeat",1,TRUE
nn-020,Nunaa Shorts (Flowers collection),350,"Salou cotton • Waist 24""-36"" • Hips 40"" • Length 14""",assets/images/products/nn-020-nunaa-shorts-flowers.jpeg,B,"url('assets/images/patterns/flower-b.jpeg') center / cover no-repeat",1,TRUE
nn-020,Nunaa Shorts (Flowers collection),350,"Salou cotton • Waist 24""-36"" • Hips 40"" • Length 14""",assets/images/products/nn-020-nunaa-shorts-flowers.jpeg,C,"url('assets/images/patterns/flower-c.jpeg') center / cover no-repeat",1,TRUE
nn-020,Nunaa Shorts (Flowers collection),350,"Salou cotton • Waist 24""-36"" • Hips 40"" • Length 14""",assets/images/products/nn-020-nunaa-shorts-flowers.jpeg,D,"url('assets/images/patterns/flower-d.jpeg') center / cover no-repeat",1,TRUE
nn-021,Puff Sleeve (Flowers collection),290,"Salou cotton • Chest 26""-36"" • Length 13"" (excluding straps)",assets/images/products/nn-021-puff-sleeve-flowers.jpeg,A,"url('assets/images/patterns/flower-a.jpeg') center / cover no-repeat",1,TRUE
nn-021,Puff Sleeve (Flowers collection),290,"Salou cotton • Chest 26""-36"" • Length 13"" (excluding straps)",assets/images/products/nn-021-puff-sleeve-flowers.jpeg,B,"url('assets/images/patterns/flower-b.jpeg') center / cover no-repeat",1,TRUE
nn-021,Puff Sleeve (Flowers collection),290,"Salou cotton • Chest 26""-36"" • Length 13"" (excluding straps)",assets/images/products/nn-021-puff-sleeve-flowers.jpeg,C,"url('assets/images/patterns/flower-c.jpeg') center / cover no-repeat",1,TRUE
nn-021,Puff Sleeve (Flowers collection),290,"Salou cotton • Chest 26""-36"" • Length 13"" (excluding straps)",assets/images/products/nn-021-puff-sleeve-flowers.jpeg,D,"url('assets/images/patterns/flower-d.jpeg') center / cover no-repeat",1,TRUE
nn-022,Skirt (Flowers collection),350,"Salou cotton • Waist 24""-36"" • Length 15""",assets/images/products/nn-022-skirt-flowers.jpeg,A,"url('assets/images/patterns/flower-a.jpeg') center / cover no-repeat",1,TRUE
nn-022,Skirt (Flowers collection),350,"Salou cotton • Waist 24""-36"" • Length 15""",assets/images/products/nn-022-skirt-flowers.jpeg,B,"url('assets/images/patterns/flower-b.jpeg') center / cover no-repeat",1,TRUE
nn-022,Skirt (Flowers collection),350,"Salou cotton • Waist 24""-36"" • Length 15""",assets/images/products/nn-022-skirt-flowers.jpeg,C,"url('assets/images/patterns/flower-c.jpeg') center / cover no-repeat",1,TRUE
nn-022,Skirt (Flowers collection),350,"Salou cotton • Waist 24""-36"" • Length 15""",assets/images/products/nn-022-skirt-flowers.jpeg,D,"url('assets/images/patterns/flower-d.jpeg') center / cover no-repeat",1,TRUE
nn-023,Cupcake top linen fabric,350,"Linen • Chest 24""-36"" • Length 15""",assets/images/products/nn-023-cupcake-top-linen-fabric.jpeg,A,"url('assets/images/patterns/linen-a.jpeg') center / cover no-repeat",1,TRUE
nn-023,Cupcake top linen fabric,350,"Linen • Chest 24""-36"" • Length 15""",assets/images/products/nn-023-cupcake-top-linen-fabric.jpeg,B,"url('assets/images/patterns/linen-b.jpeg') center / cover no-repeat",1,TRUE
nn-023,Cupcake top linen fabric,350,"Linen • Chest 24""-36"" • Length 15""",assets/images/products/nn-023-cupcake-top-linen-fabric.jpeg,C,"url('assets/images/patterns/linen-c.jpeg') center / cover no-repeat",1,TRUE
nn-024,Long sleeve candy collection,350,"Cotton • Chest 24""-36""",assets/images/products/nn-024-long-sleeve-candy.jpeg,ขาว,#edf1ee,1,TRUE
nn-024,Long sleeve candy collection,350,"Cotton • Chest 24""-36""",assets/images/products/nn-024-long-sleeve-candy.jpeg,มัสตาร์ด,#e7b65d,1,TRUE
nn-024,Long sleeve candy collection,350,"Cotton • Chest 24""-36""",assets/images/products/nn-024-long-sleeve-candy.jpeg,ดำ,#101010,1,TRUE
nn-025,Long sleeve crop top cotton,350,"Cotton • Chest 24""-36""",assets/images/products/nn-025-long-sleeve-crop-top-cotton.jpeg,ขาว,#edf1ee,1,TRUE
nn-025,Long sleeve crop top cotton,350,"Cotton • Chest 24""-36""",assets/images/products/nn-025-long-sleeve-crop-top-cotton.jpeg,ครีม,#e2d3b9,1,TRUE
nn-025,Long sleeve crop top cotton,350,"Cotton • Chest 24""-36""",assets/images/products/nn-025-long-sleeve-crop-top-cotton.jpeg,น้ำตาล,#a8744b,1,TRUE
nn-026,Long sleeve crop top linen,420,"Linen • Chest 24""-36""",assets/images/products/nn-026-long-sleeve-crop-top-linen.jpeg,ลายผ้าลินิน,"linear-gradient(135deg, #f2eadb 0 35%, #b8a58a 35% 50%, #f7f4ec 50% 68%, #6f7374 68% 100%)",1,TRUE
nn-027,Nunaa cotton coat,420,"Cotton • Chest 40""",assets/images/products/nn-027-nunaa-cotton-coat.jpeg,ขาว,#edf1ee,1,TRUE
nn-027,Nunaa cotton coat,420,"Cotton • Chest 40""",assets/images/products/nn-027-nunaa-cotton-coat.jpeg,ครีม,#e2d3b9,1,TRUE
nn-027,Nunaa cotton coat,420,"Cotton • Chest 40""",assets/images/products/nn-027-nunaa-cotton-coat.jpeg,ฟ้าเทา,#6f7f90,1,TRUE
nn-027,Nunaa cotton coat,420,"Cotton • Chest 40""",assets/images/products/nn-027-nunaa-cotton-coat.jpeg,ดำ,#101010,1,TRUE
